,"clean","cnt","proprietary","hiding"
0,"""9003-05-8",2,,
1,"""n/a""",30,,1
2,"9003-04-7",3,,
3,"(1338-43-8#)",1,,
4,"(14808-60-7#)",1,,
5,"(64742-47-8#)",1,,
6,"(67-48-1#)",1,,
7,"(7647-14-5#)",1,,
8,"(7727-54-0#)",1,,
9,"(7732-18-5#)",2,,
10,"(78330-21-9#)",1,,
11,"(83446-68-8#)",1,,
12,"(9005-65-6#)",1,,
13,"(n/a#)",5,,1
14,"*3rd party additive",13,,1
15,"*supplied by oper",13,,1
16,-0,417,,1
17,"/>",1,,1
18,0,836,,1
19,"0-0-0",1,,1
20,"0-00-0",7,,1
21,0.15,1,,1
22,"00-00-0",3284,,1
23,"00-00-00",99,,1
24,"00-00-1",10,,1
25,"000-00-0",279,,1
26,"000-111-422",1,,1
27,0,10,,1
28,"0000-00-0",542,,1
29,0,13,,1
30,"00000-00-0",45,,1
31,0,1,,1
32,"0000050-00-0",346,,
33,"0000062-56-6",350,,
34,"0000067-48-1",46,,
35,"0000067-56-1",344,,
36,"0000111-76-2",1,,
37,"0000112-34-5",297,,
38,"000050-00-0",58,,
39,"000056-81-5",87,,
40,"000057-55-6",36,,
41,"000060-24-2",179,,
42,"000064-02-8",1428,,
43,"000064-17-5",951,,
44,"000064-18-6",1078,,
45,"000064-19-7",929,,
46,"000065-85-0",12,,
47,"000067-30-0",1,,
48,"000067-48-1",661,,
49,"000067-56-1",5262,,
50,"000067-63-0",2791,,
51,"000068-12-2",975,,
52,"000071-23-8",3,,
53,"000071-48-7",1,,
54,"000075-07-0",2,,
55,"000075-12-7",12,,
56,"000075-57-0",2,,
57,"000075-91-2",169,,
58,"000077-92-9",1884,,
59,"000078-40-0",120,,
60,"000079-06-1",708,,
61,"000079-21-0",22,,
62,"000085-44-9",1,,
63,"000088-99-3",1,,
64,"000089-65-6",2,,
65,"000091-20-3",23,,
66,"000095-63-6",14,,
67,"000100-44-7",60,,
68,"000100-97-0",124,,
69,"000102-71-6",2,,
70,"000104-40-5",2,,
71,"000104-55-2",150,,
72,"000104-76-7",464,,
73,"000107-19-7",1165,,
74,"000107-21-1",1677,,
75,"000108-01-0",48,,
76,"000108-24-7",163,,
77,"000108-32-7",104,,
78,"000109-55-7",48,,
79,"000110-54-3",1,,
80,"000111-30-8",1737,,
81,"000111-40-0",4,,
82,"000111-42-2",478,,
83,"000111-46-6",774,,
84,"000111-76-2",1036,,
85,"000111-77-3",1,,
86,"000111-87-5",63,,
87,"000112-30-1",63,,
88,"000112-40-3",56,,
89,"000112-80-1",195,,
90,"000122-18-9",1,,
91,"000122-20-3",1,,
92,"000124-04-9",7,,
93,"000124-18-5",1,,
94,"000127-08-2",1,,
95,"000127-09-3",3,,
96,"0001302-78-9",1,,
97,"000139-07-1",1,,
98,"000139-08-2",157,,
99,"000141-43-5",40,,
100,"000141-53-7",24,,
101,"000143-18-0",196,,
102,"000144-55-8",3,,
103,"000151-21-3",1,,
104,"000497-19-8",15,,
105,"000533-74-4",57,,
106,"000540-72-7",1,,
107,"000544-76-3",1,,
108,"000577-11-7",1,,
109,"000584-08-7",556,,
110,"000590-29-4",408,,
111,"000629-50-5",56,,
112,"000629-59-4",55,,
113,"000631-61-8",248,,
114,"00064-17-5",3,,
115,"00067-56-1",8,,
116,"00067-63-0",6,,
117,"00107-21-1",1,,
118,"00111-30-8",4,,
119,"001120-21-4",69,,
120,"001302-74-5",3,,
121,"001302-78-9",5,,
122,"001302-93-8",39,,
123,"001303-96-4",249,,
124,"001305-62-0",59,,
125,"001305-79-9",59,,
126,"001309-42-8",53,,
127,"001309-48-4",53,,
128,"001310-58-3",1147,,
129,"001310-73-2",3034,,
130,"001319-33-1",360,,
131,"001330-43-4",285,,
132,"001332-77-0",101,,
133,"001336-21-6",45,,
134,"001338-43-8",387,,
135,"001431-49-7",1,,
136,"0014808-60-7",1,,
137,"002002-24-6",30,,
138,"002687-96-9",29,,
139,"002836-32-0",426,,
140,"005064-31-3",411,,
141,"005329-14-6",7,,
142,"00533-74-4",1,,
143,"005470-11-1",24,,
144,"005949-29-1",4,,
145,"005989-27-5",4,,
146,"006381-77-7",1586,,
147,"0064-19-7",1,,
148,"006419-19-8",6,,
149,"006474-88-7",1,,
150,"0067-56-1",1,,
151,"0068002-97-1",342,,
152,"007-632-044",3,,
153,"007173-51-5",457,,
154,"007447-39-4",35,,
155,"007447-40-7",651,,
156,"007601-54-9",35,,
157,"007631-86-9",74,,
158,"007631-90-5",10,,
159,"007632-05-5",2,,
160,"007647-01-0",4520,,
161,"007647-14-5",2493,,
162,"007664-38-2",1095,,
163,"007664-39-3",1,,
164,"007664-41-7",90,,
165,"007681-11-0",63,,
166,"007681-52-9",144,,
167,"007681-82-5",195,,
168,"0077-92-9",2,,
169,"007722-84-1",23,,
170,"007727-21-1",14,,
171,"007727-37-9",4,,
172,"007727-54-0",2559,,
173,"007732-18-5",15092,,
174,"007757-82-6",628,,
175,"007757-83-7",40,,
176,"007758-19-2",221,,
177,"007758-98-7",255,,
178,"007772-98-7",12,,
179,"007775-27-1",58,,
180,"007775-54-0",5,,
181,"007783-20-2",44,,
182,"007789-38-0",239,,
183,"008002-09-3",9,,
184,"008007-43-0",169,,
185,"008042-47-5",109,,
186,"009000-30-0",2263,,
187,"009002-84-0",1,,
188,"009002-93-1",2,,
189,"009003-04-7",336,,
190,"009003-05-8",2,,
191,"009003-06-9",10,,
192,"009003-11-6",1,,
193,"009003-35-4",123,,
194,"009004-67-5",2,,
195,"009004-77-7",1,,
196,"009004-96-0",55,,
197,"009005-65-6",5,,
198,"009014-93-1",9,,
199,"009016-45-9",137,,
200,"009025-56-3",34,,
201,"009043-30-5",14,,
202,"01-012-5130",1,,
203,"01-0125-130",40,,
204,"01-01251-30",1,,
205,"01-09-9046",1,,
206,"010025-69-1",9,,
207,"010028-22-5",1,,
208,"010043-35-3",502,,
209,"010043-52-4",245,,
210,"010049-04-4",1937,,
211,10101,1,,1
212,"010125-13-0",179,,
213,10125130,3,,
214,"010192-30-0",336,,
215,"010222-01-2",36,,
216,"010486-00-7",79,,
217,"010555-76-7",332,,
218,"010604-69-0",1,,
219,"0107-21-1",5,,
220,"0111-30-8",1,,
221,"011138-66-2",1,,
222,"012045-78-2",38,,
223,"012125-02-9",403,,
224,"012174-11-7",622,,
225,"012179-04-3",3,,
226,"0127087-87-0",4,,
227,"01310-73-2",9,,
228,"013598-36-2",398,,
229,"013709-94-9",62,,
230,"014452-57-4",53,,
231,"014464-46-1",36,,
232,"014807-96-6",12,,
233,"014808-60-7",7002,,
234,"015220-87-8",63,,
235,"015619-48-4",117,,
236,"016481-66-6",19,,
237,"017593-73-6",24,,
238,"018662-53-8",205,,
239,"025038-72-6",1,,
240,"025085-02-3",15,,
241,"025322-68-3",37,,
242,"025322-69-4",2,,
243,"025987-30-8",209,,
244,"025987-66-0",1,,
245,"026027-38-3",9,,
246,"026038-87-9",36,,
247,"026100-47-0",55,,
248,"026266-58-0",103,,
249,"026635-93-8",199,,
250,"026836-07-7",12,,
251,"027176-87-0",225,,
252,"029638-69-5",35,,
253,"031726-34-8",4,,
254,"034590-94-8",5,,
255,"034690-00-1",15,,
256,"035585-58-1",8,,
257,"038193-60-1",363,,
258,"039346-76-4",32,,
259,"040623-75-4",2,,
260,"05/08/9003",36,,
261,"051838-31-4",1,,
262,"05329-14-6",1,,
263,"055566-30-8",14,,
264,"061723-83-9",55,,
265,"061789-77-3",1,,
266,"061790-12-3",241,,
267,"061790-69-0",1,,
268,"061791-14-8",2,,
269,"062649-23-4",3,,
270,"063148-62-9",2,,
271,"06474-88-7",27,,
272,"064741-44-2",1,,
273,"064741-85-1",78,,
274,"064742-47-8",4837,,
275,"064742-48-9",5,,
276,"064742-94-5",27,,
277,"064742-96-7",183,,
278,"064743-02-8",230,,
279,"065322-65-8",6,,
280,"066402-68-4",1,,
281,"066455-15-0",1,,
282,"068002-97-1",275,,
283,"068123-18-2",1,,
284,"068130-15-4",7,,
285,"068131-40-8",2,,
286,"068155-20-4",2,,
287,"068391-01-5",2,,
288,"068412-54-4",120,,
289,"068424-85-1",732,,
290,"068425-67-2",10,,
291,"068439-46-3",385,,
292,"068439-50-9",275,,
293,"068439-51-0",370,,
294,"068513-65-5",1,,
295,"068527-49-1",754,,
296,"068551-12-2",553,,
297,"068584-22-5",1,,
298,"068585-36-4",2,,
299,"068593-58-2",14,,
300,"068603-42-9",47,,
301,"068603-67-8",2,,
302,"068607-28-3",8,,
303,"068715-83-3",1,,
304,"068909-34-2",1,,
305,"068909-77-3",48,,
306,"068951-67-7",243,,
307,"068953-58-2",105,,
308,"068966-36-9",7,,
309,"068990-47-6",24,,
310,"069418-26-4",61,,
311,"070750-07-1",1,,
312,"071011-25-1",57,,
313,"071050-62-9",209,,
314,"071377-02-1",5,,
315,"072480-70-7",120,,
316,"07647-01-0",4,,
317,"07757-82-6",1,,
318,"078330-21-9",74,,
319,"08013-01-2",236,,
320,"08042-47-5",2,,
321,"081741-28-8",2,,
322,"084133-50-6",55,,
323,"09/03/8002",1,,
324,"09000-30-0",1,,
325,"09003-05-8",95,,
326,"09003-06-9",2,,
327,"09003-11-6",2,,
328,"091053-39-3",256,,
329,1,2,,1
330,"1, 112-40-3,",1,,
331,"1-7-21-1",1,,
332,"1/0/1900",2,,1
333,"1/1/9014",10,,
334,10,1,,1
335,"10/-10-1",1,,1
336,100,7,,1
337,"100-41-4",1994,,
338,"100-44-7",3312,,
339,"100-52-7",17,,
340,"100-79-8",225,,
341,"100-87-0",6,,
342,"100-94-0",5,,
343,"100-97-0",11427,,
344,"100-97-1",11,,
345,"100-97-10",2,,
346,"100-970",1,,
347,"10000-01-2",9,,
348,100064251,2,,
349,"10025-69-1",48,,
350,"10025-91-9",93,,
351,"10028-15-6",142,,
352,"10028-22-5",34,,
353,"10035-04-8",2,,
354,"10039-54-0",1,,
355,"10039-56-2",1,,
356,"10043-35-3",6084,,
357,"10043-35-31",1,,
358,"10043-365-3",1,,
359,"10043-52-4",9912,,
360,"10043-86-2",1,,
361,"1004542-84-0",851,,
362,"10049-04-04",2,,
363,"10049-04-4",5062,,
364,"10049-49-4",1,,
365,"100545-50-4",140,,
366,"10069-04-4",791,,
367,"10069.04-4",1,,
368,"100765-57-9",136,,
369,"1009-04-4",1,,
370,"1009-07-0",3,,
371,"1009-7-0",136,,
372,"101-25-13-0",1,,
373,"101-68-8",9,,
374,"101-77-9",1,,
375,"10102-17-7",168,,
376,"10102-40-6",97,,
377,"101033-44-7",1061,,
378,"10124-31-9",52,,
379,"10124-37-5",395,,
380,"10125-13-0",4153,,
381,"10125-13-01",1,,
382,10125130,176,,
383,101271196,10,,
384,"10192-30-0",379,,
385,"10192-30-2",1,,
386,"1019230-0",1,,
387,"102-71-",1,,
388,"102-71-6",3748,,
389,"102-76-1",31,,
390,"102-81-8",5,,
391,"1022-01-2",1,,
392,"10222-01-02",1,,
393,"10222-01-2",16173,,
394,"10222-01-2 ?",1,,
395,"10222-010-2",2,,
396,"1022201-2",1,,
397,"102222-01-2",1,,
398,10226660,4,,
399,102266610,1,,
400,"10244-99-2",1,,
401,"10294-56-1",168,,
402,"103-32-7",1,,
403,"10326-27-9",44,,
404,"10326-41-7",31,,
405,"10332-33-9",15,,
406,"10361-65-6",147,,
407,"10377-60-3",2423,,
408,"10378-23-1",3,,
409,"104-19-7",1,,
410,"104-40-5",666,,
411,"104-55-0",2,,
412,"104-55-2",18057,,
413,"104-76-7",7165,,
414,"104-767",1,,
415,"1043-52-4",1,,
416,"10476-85-4",146,,
417,"104780-82-7",16,,
418,"10486-00-7",13470,,
419,"10486-007",2,,
420,"1049-04-4",6,,
421,"10543-57-4",1,,
422,"10555-76-7",1151,,
423,"106-22-9",53,,
424,"106-24-1",53,,
425,"106-25-2",53,,
426,"106-65-0",9,,
427,"106-89-8",265,,
428,"106-97-8",19,,
429,"10604-64-0",1,,
430,"10604-69-0",7907,,
431,"10604-690",1,,
432,"1067-12-5",15,,
433,"107-02-8",1,,
434,"107-1-7",1,,
435,"107-12-1",1,,
436,"107-13-1",193,,
437,"107-15-3",187,,
438,"107-17-7",1,,
439,"107-19-1",46,,
440,"107-19-7",39141,,
441,"107-21",1,,
442,"107-21-1",67422,,
443,"107-21-10",1,,
444,"107-21-11",4,,
445,"107-21-150",2,,
446,"107-21-2",4,,
447,"107-21-7",2,,
448,"107-22-2",125,,
449,"107-41-5",193,,
450,"107-64-2",162,,
451,"107-89-1",21,,
452,"107-98-2",326,,
453,"107.21-1",1,,
454,"10721-1",1,,
455,107211,3,,
456,"1078-19-7",1,,
457,"107950-89-0",140,,
458,"108-05-4",9,,
459,"108-09-8",570,,
460,"108-10-1",1663,,
461,"108-11-2",1,,
462,"108-19-0",8,,
463,"108-19-7",1,,
464,"108-20-3",422,,
465,"108-24-7",7920,,
466,"108-31-6",1,,
467,"108-32-7",4737,,
468,"108-38-3",19,,
469,"108-67-8",896,,
470,"108-83-8",12,,
471,"108-88-3",763,,
472,"108-95-2",517,,
473,"108388-79-0",16,,
474,"108797-84-8",2,,
475,"108797-85-9",39,,
476,"108818-88-8",148,,
477,"109-46-6",2,,
478,"109-55-7",129,,
479,"109-66-0",24,,
480,"11-14-22",1,,
481,"11-30-8",8,,
482,"11-40-0",2,,
483,"11-46-6",3,,
484,"11-76-2",22,,
485,"11-9-2610",91,,
486,"11/1/5470",183,,
487,"11/6/9003",3,,
488,"11/9/2610",3,,
489,"110-17-8",2244,,
490,"110-30-5",415,,
491,"110-30-8",3,,
492,"110-44-1",54,,
493,"110-54-3",32,,
494,"110-58-3",1,,
495,"110-80-5",4,,
496,"110-82-7",1,,
497,"110-91-8",6,,
498,"110224-99-2",598,,
499,"11097-59-9",2,,
500,"111-05-7",12,,
501,"111-30",1,,
502,"111-30-08",4,,
503,"111-30-1",1,,
504,"111-30-5",3,,
505,"111-30-8",37005,,
506,"111-30-80",2,,
507,"111-30-830",1,,
508,"111-3866-2",1,,
509,"111-40-0",1637,,
510,"111-42-2",11215,,
511,"111-42-20",84,,
512,"111-44-4",5,,
513,"111-46-6",6855,,
514,"111-6-2",1,,
515,"111-65-9",2,,
516,"111-66-0",4,,
517,"111-7-2",1,,
518,"111-76-2",33763,,
519,"111-77-3",23,,
520,"111-84-2",2,,
521,"111-87-5",6433,,
522,"111-87-8",1,,
523,"11113-55-9",1,,
524,"1112-40-3",1,,
525,"1113-55-9",1482,,
526,111308,2,,
527,"11138--66-2",1,,
528,"11138-66-2",4232,,
529,"11138-662",1,,
530,"1113866-2",122,,
531,111422,8,,
532,"111560-38-4",726,,
533,"1119-40-0",9,,
534,"112-03-8",3,,
535,"112-15-2",139,,
536,"112-24-3",37,,
537,"112-27-6",2739,,
538,"112-30-1",6368,,
539,"112-34-5",1495,,
540,"112-40-3",969,,
541,"112-41-4",107,,
542,"112-42-5",44,,
543,"112-53-8",1188,,
544,"112-57-2",38,,
545,"112-80-1",2354,,
546,"112-88-9",1732,,
547,"1120-21-",1,,
548,"1120-21-4",2295,,
549,"1120-21-4, 112-40-3",10,,
550,"1120-21-4, 112-40-3,",2,,
551,"1120-21-4,112-40-3",5,,
552,"1120-24-7",77,,
553,"1120-36-1",40,,
554,"1120-40-3",34,,
555,"112926-00-8",8754,,
556,"112926-60-7",1,,
557,"112945-52-5",271,,
558,"1130-20-7",1,,
559,"1130-43-4",16,,
560,"113184-20-6",102,,
561,"1132-18-5",45,,
562,"113221-69-5",15,,
563,"113669-97-9",3,,
564,"115-07-1",12,,
565,"1158-19-2",1,,
566,"1159170-26-9",2,,
567,"1160525-87-0",1,,
568,"117-81-7",46,,
569,"1184-78-7",408,,
570,"1185-57-5",17,,
571,"119-36-8",309,,
572,"119-65-3",474,,
573,"119345-03-8",508,,
574,"119345-03-810",1,,
575,"119345-04-9",649,,
576,"119616-38-5",147,,
577,"120-40-1",2,,
578,"12001-26-2",2,,
579,"12008-41-2",20,,
580,"1201-31-5",1,,
581,"12030-49-8",1,,
582,"120313-48-6",1632,,
583,"12045-78-2",320,,
584,"12060-08-1",1,,
585,"12068-08-5",5,,
586,"121-43-7",1153,,
587,"1212-5-02-9",1,,
588,"12125-01-8",268,,
589,"12125-02-",1,,
590,"12125-02-09",9,,
591,"12125-02-10",5,,
592,"12125-02-9",39798,,
593,"12125-09-9",23,,
594,"12125-18-5",33,,
595,"12125-8",1,,
596,12125029,1,,
597,"121285-02-9",3,,
598,"12134-66-6",7,,
599,"12136-45-7",278,,
600,"1215-02-9",2,,
601,"12173-60-3",1269,,
602,"12174-11-7",2513,,
603,"12179-04-03",1,,
604,"12179-04-3",749,,
605,"121888-68-4",8174,,
606,"12195-86-7",35,,
607,"122-18-9",366,,
608,"122-20-3",171,,
609,"122-99-6",2,,
610,"12280-03-4",800,,
611,"12291-65-5",4,,
612,"123-01-3",13,,
613,"123-17-1",8,,
614,"123-73-9",21,,
615,"123-91-1",2966,,
616,"123.91-1",1,,
617,"124-04-9",522,,
618,"124-09-4",8,,
619,"124-18-5",29,,
620,"124-28-9",1,,
621,"124-38-8",2,,
622,"124-38-9",284,,
623,"124-65-5",1,,
624,"124-68-5",2308,,
625,"125005-87-0",2024,,
626,"12525-02-9",2,,
627,"1252600-17-1",361,,
628,"126-11-4",215,,
629,"126-73-8",6,,
630,"126-92-1",757,,
631,"126-96-5",2042,,
632,"126-97-6",36,,
633,"126950-60-5",198,,
634,"127-08-2",4608,,
635,"127-09-3",2227,,
636,"127036-24-2",27,,
637,"127036-24-2a",2,,
638,"127036-24-2b",2,,
639,"1270787-87-0",90,,
640,"127087-87-0",18534,,
641,"128-03-0",1,,
642,"128-37-0",24,,
643,"128-92-1",1,,
644,"128824-30-6",167,,
645,"128850-89-5",3,,
646,"128973-77-3",14,,
647,"129-17-9",12,,
648,"129813-58-7",2,,
649,"129828-01-7",1,,
650,"129828-31-5",713,,
651,"129828-315",1,,
652,"129828-36-0",383,,
653,"129898-01-7",722,,
654,"130-73-2",1,,
655,"130-96-4",2,,
656,"1300-72-7",3,,
657,"1301-96-4",15,,
658,"1302-27-8",2333,,
659,"1302-44-5",1,,
660,"1302-44-56",123,,
661,"1302-74-5",1669,,
662,"1302-76-7",2172,,
663,"1302-78-9",3447,,
664,"1302-8",4,,
665,"1302-87-0",97,,
666,"1302-92-8",1,,
667,"1302-93-8",3658,,
668,"1302-98-8",1,,
669,"130278-9",1,,
670,"1303-58-3",1,,
671,"1303-69-4",1,,
672,"1303-86-2",705,,
673,"1303-96-2",1,,
674,"1303-96-4",9744,,
675,"1304-76-7",5,,
676,"1305-25-1",226,,
677,"1305-62-0",358,,
678,"1305-75-5",6,,
679,"1305-78-8",363,,
680,"1305-79-9",595,,
681,"130562-0",1,,
682,"1307-76-7",1,,
683,"1309-37-1",9986,,
684,"1309-38-2",77,,
685,"1309-42-8",989,,
686,"1309-48-4",1380,,
687,"1309-96-4",4,,
688,"131-05-83",30,,
689,"131-58-3",1,,
690,"1310-*58-3",1,,
691,"1310-14-1",2330,,
692,"1310-18-5",1,,
693,"1310-57-3",4,,
694,"1310-58-3",31768,,
695,"1310-583",2,,
696,"1310-583-",1,,
697,"1310-588-3",11,,
698,"1310-62-9",1,,
699,"1310-72-2",2,,
700,"1310-73-2",53803,,
701,"1310-73-5",1,,
702,"1310-732-",6,,
703,"1310-87-9",1,,
704,"13101-58-3",1,,
705,1310583,2,,
706,"131073-2",3,,
707,1310732,1,,
708,"13127-82-7",3,,
709,"1313-33-1",1,,
710,"1313-59-3",10,,
711,"1313-82-2",162,,
712,"1314-13-2",46,,
713,"1317-60-8",85,,
714,"1317-61-9",2,,
715,"1317-65-3",531,,
716,"1317-71-1",215,,
717,"1317-80-2",204,,
718,"1318-16-7",830,,
719,"1318-331-1",3,,
720,"1318-93-0",62,,
721,"1319-22-1",1,,
722,"1319-23-1",1,,
723,"1319-3-1",1,,
724,"1319-33-1",10339,,
725,"1319-331-1",7,,
726,"13197-76-7",57,,
727,"1320-73-2",4,,
728,"132435-00-8",5,,
729,"1327-36-2",352,,
730,"133-73-9",8,,
731,"1330-20-7",3546,,
732,"1330-43-3",1,,
733,"1330-43-4",4710,,
734,"1330-73-2",41,,
735,"1332-58-7",234,,
736,"1332-77-0",1245,,
737,"1333-73-9",634,,
738,"1334-25-5",1,,
739,"1334-25-6",4,,
740,1334256,72,,
741,"1335-26-8",212,,
742,"1336-21-*6",1,,
743,"1336-21-6",4750,,
744,"1338-39-2",16,,
745,"1338-41-6",1040,,
746,"1338-42-8",1,,
747,"1338-43-8",28370,,
748,"1338-52-4",1,,
749,"1339-20-7",1,,
750,"1340-69-8",214,,
751,"1341-49-7",290,,
752,"1342-49",1,,
753,"1343-88-0",215,,
754,"1344-09-8",4,,
755,"1344-28-1",10420,,
756,"13446-12-3",414,,
757,"134509-56-1",3,,
758,"13463-37-7",29,,
759,"13463-67-1",5,,
760,"13463-67-7",9376,,
761,"13477-34-3",1,,
762,"13477-34-4",848,,
763,"13492-26-7",94,,
764,"13517-20-9",1,,
765,"13520-92-8",11,,
766,"1352632-71-3",6,,
767,"13533-05-6",2,,
768,"13547-17-6",8,,
769,"1356964-77-6",8,,
770,"13598-36-2",3186,,
771,"13601-19-9",12,,
772,"136793-29-8",849,,
773,"13709-94-6",1,,
774,"13709-94-9",13004,,
775,13727,1,,
776,"137898-94-3",9,,
777,"138-22-7",186,,
778,"138-86-3",30,,
779,"13840-56-7",1179,,
780,"13879-94-4",1,,
781,"138879-94-4",1204,,
782,"139-07-1",371,,
783,"139-08-2",561,,
784,"139-13-9",18,,
785,"139-33-3",3835,,
786,"139-89-9",24,,
787,"14-55-2",1,,
788,"140-31-8",2,,
789,"140-88-5",3,,
790,"14025-15-1",141,,
791,"14035-94-0",145,,
792,"14038-72-6",2,,
793,"1408-60-7",25,,
794,"140808-60-7",7,,
795,141,1,,1
796,"141-43-5",2189,,
797,"141-49-5",12,,
798,"141-53-7",815,,
799,"141-78-6",190,,
800,"141179-72-8",1,,
801,"142-31-4",107,,
802,"142-82-5",4,,
803,"142-87-0",78,,
804,"1422006-64-1",1,,
805,"143-18-0",2703,,
806,"143-180",1,,
807,"143-22-6",823,,
808,"144-55-8",5517,,
809,"144-56-8",1,,
810,"144-86-9",1,,
811,"14452-57-4",906,,
812,"14464-46-1",5547,,
813,"14464-46-7",1,,
814,"14464-60-7",34,,
815,"14464-64-1",22,,
816,"14464.46-1",4,,
817,"14464046-1",11,,
818,"144645-46-1",1,,
819,"14483-19-3",1,,
820,145,1,,1
821,"14608-60-7",1,,
822,"147-14-8",2,,
823,"147732-60-3",2,,
824,"148-60-7",54,,
825,"1480-60-7",2,,
826,"148008-60-7",10,,
827,"14804-60-7",2,,
828,"14807 - 96-6",6,,
829,"14807-86-6",1,,
830,"14807-96 - 9",1,,
831,"14807-96-6",5743,,
832,"14807-96-8",18,,
833,"14807-96-9",1,,
834,"1480796-6",11,,
835,"14808 - 60 - 7",16,,
836,"14808 - 60- 7",120,,
837,"14808-06",3,,
838,"14808-08",1,,
839,"14808-60-",3,,
840,"14808-60-07",2,,
841,"14808-60-1",1,,
842,"14808-60-10",1,,
843,"14808-60-4",1,,
844,"14808-60-6",8,,
845,"14808-60-7",189767,,
846,"14808-60-7 / 238-878",2,,1
847,"14808-60-70",149,,
848,"14808-60-8",65,,
849,"14808-60-9",17,,
850,"14808-60.7",1,,
851,"14808-630-7",1,,
852,"14808-96-7",1,,
853,14808.06,1,,1
854,"14808.60-7",4,,
855,"1488-60-7",27,,
856,"14960-06-6",277,,
857,"149879-98-1",19,,
858,"15-25",76,,
859,"15-5",1,,
860,"150-13-0",1,,
861,"150-38-9",3834,,
862,"150-76-5",138,,
863,"151-21-3",25,,
864,"15214-89-8",12,,
865,"15220-87-5",2,,
866,"15220-87-8",2464,,
867,"153568-80-0",16,,
868,"154518-36-2",2487,,
869,"15468-32-3",136,,
870,"15475-67-9",601,,
871,"15529-67-6",38,,
872,"15619-48-4",7218,,
873,"15630-89-4",4,,
874,"1569-01-3",23,,
875,"157627-86-6",2,,
876,"15821-83-7",2588,,
877,"15827-60-8",2405,,
878,"1583-58-0",1,,
879,"1589-47-5",11,,
880,"1592-23-0",2,,
881,16,1,,1
882,"1607814-38-9",2,,
883,"16088-62-3",1,,
884,"16389-88-1",404,,
885,"16405-35-9",2,,
886,"16481-66",1,,
887,"16481-66-0",11,,
888,"16481-66-1",1,,
889,"16481-66-6",2212,,
890,"16547-58-3",2,,
891,"1655-35-2",2,,
892,"16872-11-0",2,,
893,"16887-00-6",296,,
894,"172343-37-2",3,,
895,"1732-18-5",3,,
896,"1736-47-6",5,,
897,"17375-41-6",1,,
898,"174206-15-6",117,,
899,"17593-73",1,,
900,"17593-73-6",746,,
901,"1760-24-3",16,,
902,"1762-95-4",448,,
903,"17631-86-9",1,,
904,"177149-89-2",8,,
905,"18016-19-8",16,,
906,"1805-22-7",5,,
907,"1808-60-7",1,,
908,"181828-06-8",1,,
909,"182235-14-9",3,,
910,"18662-53-8",123,,
911,"1892-29-1",126,,
912,"189959-15-7",3,,
913,"19-36-8",11,,
914,"19-65-3",98,,
915,"19-95-3",1,,
916,"19019-43-3",1411,,
917,"1909-43-3",95,,
918,"192562-10-6",6,,
919,"193098-40-7",2,,
920,"1934-21-0",249,,
921,"1941-30-6",107,,
922,"19549-80-5",12,,
923,"197980-53-3",16,,
924,20,1,,1
925,2001,1,,1
926,"2002-24-6",791,,
927,"201602-88-2",119,,
928,204016,1,,
929,"20786-60-1",80,,
930,"2082-79-3",2,,
931,"20824-56-0",5,,
932,2093666,5,,
933,2146053,15,,
934,"21564-17-0",1,,
935,"217176-87-0",1,,
936,"22042-96-2",1170,,
937,"2207-98-9",79,,
938,2232731,1,,
939,"2235-43-0",94,,
940,"224635-63-6",1764,,
941,"2252-51-9",1,,
942,"22890-16-0",1,,
943,"23+-92-1",1,,
944,"231-545-4",3,,
945,"231-595-7",2,,
946,"232-799-9",1,,
947,"234-342-3",5,,
948,"23519-77-9",153,,
949,"23605-74-5",339,,
950,"2373-38-8",160,,
951,"23783-26-8",148,,
952,"238-878-4",5,,
953,"2426-08-6",328,,
954,"2439-35-2",5,,
955,"24446-208",1,,
956,"24634-61-5",34,,
957,"24937-78-8",458,,
958,"24938-91-8",991,,
959,25,1,,1
960,"250-72-6",1,,
961,"25034-86-0",10,,
962,"25037-33-6",7,,
963,"25038-45-3",9,,
964,"25038-54-4",39,,
965,"25038-59-9",12,,
966,"25038-72-6",5615,,
967,"25038-75-6",2,,
968,"25068-38-6",163,,
969,"25085-02-03",14,,
970,"25085-02-3",1216,,
971,"25085-19-2",171,,
972,"25085-34-1",8,,
973,"25085-75-0",93,,
974,"25085-99-8",24,,
975,"25133-97-5",63,,
976,"25154-52-3",54,,
977,"25155-30-0",109,,
978,"25213-24-5",11,,
979,"25214-63-5",1,,
980,"25214-70-4",1,,
981,"25264-93-1",39,,
982,"25265-71-8",39,,
983,"25265-77-4",91,,
984,"2530-83-8",1,,
985,"25321-41-9",41,,
986,"25322-668-3",9,,
987,"25322-68-3",13827,,
988,"25322-683-",1,,
989,"25322-69-4",1203,,
990,"253222-68-3",8,,
991,"25332-68-3",678,,
992,"253322-68-3",5,,
993,"25338-55-0",1,,
994,"25340-17-4",1,,
995,"2538-72-6",1,,
996,"254038-72-6",1,,
997,"25446-78-0",42,,
998,"2545-04001-5164",133,,
999,"25450-40-01",176,,
1000,"25450-4001-5164",7,,
1001,"254504001-54164",20,,
1002,"25496-72-4",2,,
1003,"25551-13-7",3,,
1004,"25704-18-1",7,,
1005,"25719-52-2",3,,
1006,258,1,,1
1007,"2587-30-8",4,,
1008,"259-44-78",2,,
1009,"2594-41-5",4,,
1010,"2594-47-8",3,,
1011,2594478,17,,
1012,"25956-17-6",1,,
1013,"25987-30-8",12523,,
1014,"25987-308",1,,
1015,25987308,1,,
1016,"25988-97-0",280,,
1017,"26006-22-4",491,,
1018,"26027-38-3",1698,,
1019,"26027.38-3",3,,
1020,"26038-87-9",3608,,
1021,"2605-79-0",211,,
1022,"26062-79-3",1390,,
1023,"26099-09-2",4,,
1024,"2610-11-9",388,,
1025,"2610-47-0",1,,
1026,"26100-47-0",7927,,
1027,"26100-51-6",6,,
1028,"26172-55-4",2466,,
1029,"26183-52-8",1487,,
1030,"2621-3-12",1,,
1031,"26264-05-1",524,,
1032,"26264-06-2",79,,
1033,"26266-58-0",542,,
1034,"263-160-2",1,,
1035,"26316-40-5",1,,
1036,"2634-33-5",2082,,
1037,"26468-86-0",164,,
1038,"26635-93-8",423,,
1039,"26658-46-8",10,,
1040,"26677-99-6",275,,
1041,"267-56-1",86,,
1042,"2673-22-5",883,,
1043,"2680-03-7",1,,
1044,"2682-20-4",2466,,
1045,"26836-07-7",1706,,
1046,"2687-96-6",155,,
1047,"2687-96-9",367,,
1048,"2690-05-3",4,,
1049,"26952-14-7",1,,
1050,"26952-21-6",1,,
1051,"270-325-2",31,,
1052,"27070-58-2",1,,
1053,"2708-27-8",6,,
1054,"27083-27-8",125,,
1055,"271-76-67-0",1,,
1056,"27103-90-8",92,,
1057,"2716-87-0",1,,
1058,"27176-67-0",10,,
1059,"27176-67-6",86,,
1060,"27176-87-0",5601,,
1061,"27306-79-2",1534,,
1062,"27306-90-7",1,,
1063,"27323-41-7",7,,
1064,"27636-82-4",35,,
1065,"27676-62-6",2,,
1066,"27794-93-0",2,,
1067,"2783-94-0",117,,
1068,"279-808-8",19,,
1069,"28178-42-9",5,,
1070,"28205-96-1",1076,,
1071,"28208-80-2",8,,
1072,"2836-32-0",10672,,
1073,"2836-35-0",133,,
1074,"285159-02-0",10,,
1075,"28757-00-8",1,,
1076,"28906-96-9",3,,
1077,"29316-47-0",379,,
1078,"29387-86-8",1,,
1079,"29638-69-5",452,,
1080,"29694-85-7",26,,
1081,"29712-30-9",136,,
1082,"298-14-6",141,,
1083,"29868-05-1",36,,
1084,"2994-71-0",5,,
1085,3.1,1,,1
1086,30,1,,1
1087,"3012-65-5",36,,
1088,303,1,,1
1089,"304443-60-5",10,,
1090,"30499-70-8",9,,
1091,"306-94-5",5,,
1092,"306-98-9",5,,
1093,"30704-64-4",33,,
1094,"308075-07-2",3,,
1095,"30846-35-6",1495,,
1096,"30915-61-8",13,,
1097,"3091877-5",5,,
1098,"30965-85-6",245,,
1099,"31017-83-1",229,,
1100,"31512-74-0",2963,,
1101,"31566-31-1",2,,
1102,"31570-04-4",2,,
1103,"31726-34-8",6904,,
1104,"32289-58-0",332,,
1105,"3252-43-5",3872,,
1106,"32612-48-9",8,,
1107,"32685-03-3",1,,
1108,"32685-17-9",3,,
1109,"3327-22-8",246,,
1110,"335-21-7",5,,
1111,"335-27-3",5,,
1112,"34004-36-9",246,,
1113,"34302-65-3",12,,
1114,"34398-01-1",2295,,
1115,"34398-01-1(3eo)",25,,
1116,"34398-01-1(7eo)",25,,
1117,"344-38-7",7,,
1118,"344329-35-7",7,,
1119,"344329-87-9",7,,
1120,"3452-07-1",41,,
1121,"34590-94-8",6348,,
1122,"3468-63-1",2,,
1123,"34690-00-1",1057,,
1124,"35152-74-0",1,,
1125,"35249-69-5",41,,
1126,"35249-89-9",499,,
1127,"35297-54-2",8,,
1128,"354-96-1",1,,
1129,"354-97-2",5,,
1130,"35429-19-7",73,,
1131,"355-02-2",5,,
1132,"355-04-4",5,,
1133,"35585-58-1",626,,
1134,"35656-77-3",14,,
1135,"35657-77-3",1950,,
1136,"3567-66-6",1,,
1137,"35674-56-7",1,,
1138,"35691-65-7",5,,
1139,"36089-45-9",1019,,
1140,"3690-05-9",1,,
1141,"37-63-0",1,,
1142,"37251-67-5",623,,
1143,"37288-54-3",1893,,
1144,"37337-65-8",101,,
1145,"3734-67-6",449,,
1146,"37350-42-8",138,,
1147,"374-59-4",4,,
1148,"374-76-5",5,,
1149,"374-77-6",5,,
1150,"37475-88-0",108,,
1151,"3794-83-0",250,,
1152,"37971-36-1",211,,
1153,"38011-25-5",733,,
1154,"38172-91-7",489,,
1155,"38193-60-1",1716,,
1156,"3844-45-9",147,,
1157,"385-00-2",1,,
1158,"38640-62-9",2,,
1159,"38820-59-6",198,,
1160,"391232-99-8",140,,
1161,"3926-62-3",9,,
1162,"39290-78-3",1,,
1163,"39322-78-6",1189,,
1164,"39346-76-4",142,,
1165,"39382-21-3",159,,
1166,"39421-75-5",1,,
1167,"397256-50-7",987,,
1168,"3rd party proprietar",105,1,
1169,"4/7/9003",2,,
1170,4000,1,,1
1171,"40139-72-8",504,,
1172,"40404-63-5",92,,
1173,"40601-76-1",2,,
1174,"40623-75-4",212,,
1175,"4067-16-7",37,,
1176,"4080-31-3",38,,
1177,"4080-31-4",1,,
1178,"423-02-9",5,,
1179,"424-85-1",1,,
1180,"42504-46-1",9,,
1181,"42615-29-2",736,,
1182,"430439-54-6",41,,
1183,"433-97-6",1,,
1184,"445-29-4",1,,
1185,"445411-73-4",162,,
1186,"446-17-3",1,,
1187,"446-30-0",1,,
1188,"44992-01-0",21,,
1189,"454-92-2",1,,
1190,"455-24-3",1,,
1191,"455-40-3",1,,
1192,"456-22-4",1,,
1193,"467-19-8",3,,
1194,"4674-14-5",5,,
1195,"47-48-1",2,,
1196,"47-9003",1,,
1197,"471-34-1",2331,,
1198,"4712-55-4",18,,
1199,"4719-04-4",349,,
1200,"4807-96-6",1,,
1201,"486-66-8",147,,
1202,"4862-18-4",9,,
1203,"497-19-18",272,,
1204,"497-19-8",2934,,
1205,5,1,,1
1206,"50-0-0",1,,
1207,"50-00-0",14084,,
1208,"50-21-5",888,,
1209,"50-28-2",5,,
1210,"50-70-4",350,,
1211,"500-00-0",1,,
1212,"50285-18-2",5,,
1213,"504-63-2",175,,
1214,"5064-31-1",52,,
1215,"5064-31-3",9912,,
1216,"51198-15-3",2,,
1217,"51200-87-4",2296,,
1218,"51200-87-7",1,,
1219,"5131-66-8",2608,,
1220,"51404-69-4",103,,
1221,"515-98-0",99,,
1222,"5165-97-9",1,,
1223,"51811-79-",1,,
1224,"51811-79-1",1,,
1225,"51838-31-4",418,,
1226,"51867-05-1",1,,
1227,"52-27-1",125,,
1228,"52-51-1",1,,
1229,"52-51-5",1,,
1230,"52-51-7",3644,,
1231,"52-51-7v",1,,
1232,"520-29-4",1,,
1233,"52255-49-9",781,,
1234,"52501-07-2",1581,,
1235,"526-73-8",892,,
1236,"526-95-4",2,,
1237,"52624-57-4",584,,
1238,"527-07-1",1,,
1239,"532-32-1",83,,
1240,"5324-84-5",5,,
1241,"5329-14-6",698,,
1242,"533-14-4",2,,
1243,"533-43-2",2,,
1244,"533-73-2",461,,
1245,"533-74-2",5,,
1246,"533-74-4",6101,,
1247,"533-744-4",15,,
1248,"5332-73-0",2,,
1249,"53320-86-8",96,,
1250,533744,1,,
1251,"53845-65-1",124,,
1252,"53964-94-6",3,,
1253,"540-72-2",1,,
1254,"540-72-7",4397,,
1255,"540-97-6",801,,
1256,"54072-7",1,,
1257,"54076-97-0",16,,
1258,"541-02-6",808,,
1259,"542-75-6",32,,
1260,"5421-46-5",221,,
1261,"54300-24-2",17,,
1262,"544-76-3",94,,
1263,"5444-75-7",1,,
1264,"546-93-0",153,,
1265,"5470-11-1",1385,,
1266,"54742-47-8",2,,
1267,"548-08-7",6,,
1268,"54841-71-3",239,,
1269,55,1,,1
1270,5505,1,,1
1271,"5508-58-7",3,,
1272,"55146-10-6",9,,
1273,"5549-29-1",1,,
1274,"555566-30-8",8,,
1275,"55566-30-8",8745,,
1276,"55566-60-8",1,,
1277,"555666-30-8",1,,
1278,"556-67-2",829,,
1279,"556.67-2",2,,
1280,"55636-09-4",944,,
1281,"557-04-0",983,,
1282,"557-11-7",1,,
1283,"55845-06-2",1,,
1284,"5596-84-9",1,,
1285,"55965-84-0",1,,
1286,"55965-84-8",2,,
1287,"55965-84-9",663,,
1288,"56-18-5",6,,
1289,"56-40-6",1,,
1290,"56-81-2",1,,
1291,"56-81-4",37,,
1292,"56-81-5",14930,,
1293,"56-815",1,,
1294,"56-82-5",1,,
1295,"56-85-9",2,,
1296,"56-86-0",83,,
1297,"56-93-9",758,,
1298,"56449-46-8",269,,
1299,"56652-26-7",1199,,
1300,"56654-26-7",6,,
1301,"56996-83-9",1,,
1302,"57-13-6",2525,,
1303,"57-50-1",825,,
1304,"57-55-6",9835,,
1305,"57-56-1",7,,
1306,"57018-52-7",13,,
1307,"57029-46-6",272,,
1308,"57116-45-7",33,,
1309,"57441-12-2",1,,
1310,"5755-6",1,,
1311,"577-11-7",1280,,
1312,"5789-27-5",11,,
1313,"58-40-87",2,,
1314,"58-81-5",5,,
1315,"58-81-51",4,,
1316,"58160-99-9",12,,
1317,582,1,,1
1318,"584-08-07",20,,
1319,"584-08-7",8081,,
1320,584087,2,,1
1321,"5855-12-2",2,,
1322,"58551-12-2",1,,
1323,"5877-42-9",18,,
1324,"590-29-4",4412,,
1325,"5900-29-4",133,,
1326,591,1,,1
1327,"592-41-6",4,,
1328,"593-81-7",731,,
1329,"5949-29-1",14,,
1330,"595585-15-2",1013,,
1331,"5989-27-5",4201,,
1332,"5989-81-1",205,,
1333,"6 9 2003",1,,
1334,"6-9-9003",9,,
1335,"6/9/9003",7,,
1336,"60-00-4",74,,
1337,"60-100",1,,
1338,"60-24-2",7709,,
1339,"60-42-2",1,,
1340,"60-56-1",11,,
1341,60,1,,1
1342,"60.24-2",1,,
1343,"600-07-7",2,,
1344,"6000-30-0",1,,
1345,"6024-2",1,,
1346,"60250-76-2",1,,
1347,"603-35-0",1,,
1348,"6055-52-3",45,,
1349,"60676-86-0",235,,
1350,"60676-90-6",12,,
1351,"60828-78-6",561,,
1352,"61-17-5",1,,
1353,610,1,,1
1354,"61079-72-9",1,,
1355,61699,5,,1
1356,"61723-83-9",7072,,
1357,"61788-46-3",7,,
1358,"61788-62-3",1863,,
1359,"61788-78-1",10,,
1360,"61788-90-7",45,,
1361,"61788-93-0",111,,
1362,"61789-18-2",1,,
1363,"61789-39-7",42,,
1364,"61789-40-0",333,,
1365,"61789-68-2",84,,
1366,"61789-71",37,,
1367,"61789-71-1",1,,
1368,"61789-71-7",622,,
1369,"61789-76-2",7,,
1370,"61789-77-3",5455,,
1371,"61790-12-3",8770,,
1372,"61790-33-8",10,,
1373,"61790-50-9",2,,
1374,"61790-53-2",304,,
1375,"61790-59-8",4,,
1376,"61790-60-1",3,,
1377,"61790-66-7",182,,
1378,"61790-69-0",1286,,
1379,"61790-85-0",197,,
1380,"61791-00-2",39,,
1381,"61791-002",138,,
1382,"61791-08-0",1151,,
1383,"61791-10-4",2,,
1384,"61791-12-6",2206,,
1385,"61791-14-8",413,,
1386,"61791-26-2",9719,,
1387,"61791-29-5",154,,
1388,"61791-31-9",1,,
1389,"61791-44-4",10,,
1390,"61791-63-7",2,,
1391,"61824-42-7",6,,
1392,"61827-42-7",3911,,
1393,"61827-45-7",6,,
1394,"6187-42-7",2,,
1395,"62-53-3",21,,
1396,"62-56-6",813,,
1397,"62010-10-0",5,,
1398,"62099-15-4",17,,
1399,"623-50-7",10,,
1400,"625-45-6",180,,
1401,"62601-60-9",38,,
1402,"62649-23-4",2874,,
1403,"627-93-0",9,,
1404,"62744-41-6",10,,
1405,"62763-89-7",1,,
1406,"629-11-8",34,,
1407,"629-50-5",943,,
1408,"629-59-4",969,,
1409,"629-59-5",1,,
1410,"629-73-2",1837,,
1411,"63-42-3",1080,,
1412,"63-65-0",1,,
1413,"63-67-0",32,,
1414,"6305-04-0",1,,
1415,631,1,,1
1416,"631-61-8",12248,,
1417,"63148-52-7",173,,
1418,"63148-62-9",3551,,
1419,"6317-18-6",1,,
1420,"63428-86-4",43,,
1421,"63428-91-1",124,,
1422,"63428-92-2",608,,
1423,"637-39-8",830,,
1424,"63800-37-3",1381,,
1425,"6381-77-7",8425,,
1426,"6387-77-7",1,,
1427,"639418-26-4",26,,
1428,"64-02-8",11784,,
1429,"64-17-1",2,,
1430,"64-17-15",1,,
1431,"64-17-5",41485,,
1432,"64-17-50",1,,
1433,"64-17-7",1,,
1434,"64-17-9",1,,
1435,"64-18-6",12036,,
1436,"64-19-17",210,,
1437,"64-19-4",38,,
1438,"64-19-7",44711,,
1439,"64-19-7/67-56-1",10,,1
1440,"64-19-76",19,,
1441,"64-47-5",2,,
1442,"64-56-1",10,,
1443,"64-63-0",4,,
1444,"64-64-1",1,,
1445,"64-69-7",1,,
1446,"64.19.7",1,,
1447,"64057-57-4",67,,
1448,"6410-41-9",1530,,
1449,"6419--19-8",2,,
1450,"6419-19-8",1644,,
1451,"6419-7",1,,
1452,"64242-54-7",1,,
1453,"64265-57-2",19,,
1454,"642742-94-5",1,,
1455,"64366-70-7",137,,
1456,"6440-58-0",25,,
1457,"64425-86-1",135,,
1458,"644742-47-8",1,,
1459,"64475-85-0",9,,
1460,"64476-38-6",2333,,
1461,"64672-47-8",9,,
1462,"647-42-478",424,,
1463,"647-42-489",424,,
1464,"647-42-94-5",4,,
1465,"6472-47-8",2,,
1466,"6472-55-8",4,,
1467,"64724-47-8",1,,
1468,"64724-48-9",1,,
1469,"64724-55-8",1,,
1470,"64724-94-5",1,,
1471,"6474-02-8",1,,
1472,"6474-47-8",43,,
1473,"64741-44-2",72,,
1474,"64741-47-8",131,,
1475,"64741-66-8",1,,
1476,"64741-67-9",298,,
1477,"64741-68-0",63,,
1478,"64741-84-1",13,,
1479,"64741-85-1",2662,,
1480,"64741-85-150",1,,
1481,"64741-86-2",9,,
1482,"64741-88-4",26,,
1483,"64741-92-0",2,,
1484,"64741-96-4",10,,
1485,"6474185-1",2,,
1486,"64742 - 47 - 8",2,,
1487,"64742-02-8",26,,
1488,"64742-12-2",1,,
1489,"64742-27-8",1,,
1490,"64742-30-9",13,,
1491,"64742-4-8",3,,
1492,"64742-46-7",1066,,
1493,"64742-47-5",15,,
1494,"64742-47-8",118635,,
1495,"64742-48-8",1,,
1496,"64742-48-9",1131,,
1497,"64742-52-5",232,,
1498,"64742-53-6",502,,
1499,"64742-54-7",2658,,
1500,"64742-55-8",5261,,
1501,"64742-60-5",1,,
1502,"64742-65-0",2630,,
1503,"64742-650",3,,
1504,"64742-74-8",15,,
1505,"64742-81-0",1,,
1506,"64742-82-1",3,,
1507,"64742-84-5",1,,
1508,"64742-88-7",86,,
1509,"64742-89-8",4,,
1510,"64742-94-5",21312,,
1511,"64742-94-8",1,,
1512,"64742-95-6",1279,,
1513,"64742-96-7",4112,,
1514,"6474247-8",2,,
1515,647424788,1,,
1516,"64743-01-7",569,,
1517,"64743-02-8",4738,,
1518,"64745-47-8",3,,
1519,"64746-47-8",1,,
1520,"64747-47",1,,
1521,"64747-47-8",259,,
1522,"647471-86-2",1,,
1523,"64748-47-8",1,,
1524,"64771-72-8",3,,
1525,"64772-47-8",1,,
1526,"6484-52-2",4,,
1527,"65-56-1",2,,
1528,"65-68-0",1,,
1529,"65-85-0",286,,
1530,"65071-95-6",1141,,
1531,"65094-22-6",22,,
1532,"65143-89-7",277,,
1533,"65322-65-8",199,,
1534,"65447-77-0",2,,
1535,"65545-80-4",100,,
1536,"657-56-1",17,,
1537,"657-84-1",39,,
1538,"65742-47-8",29,,
1539,"65881-12-2",1,,
1540,"65997-12-8",2,,
1541,"65997-17-3",1148,,
1542,"65997-18-4",1005,,
1543,"66034-17-1",12,,
1544,"6607-28-3",43,,
1545,"66085-00-5",1,,
1546,"6625-46-3",449,,
1547,"6632-18-5",1,,
1548,"664-38-2",103,,
1549,"66402-68-4",1279,,
1550,"66455-14-9",2678,,
1551,"66455-15-0",3226,,
1552,"6645515-0",1,,
1553,"6654-64-4",2,,
1554,"67 - 63 - 0",5,,
1555,"67--63-0",16,,
1556,"67-03-8",148,,
1557,"67-17-5",5,,
1558,"67-26-1",1,,
1559,"67-30-0",215,,
1560,"67-34-1",1,,
1561,"67-36-0",2,,
1562,"67-48-1",18228,,
1563,"67-48-2",1,,
1564,"67-5-1",1,,
1565,"67-55-1",7,,
1566,"67-556-1",2,,
1567,"67-56-01",4,,
1568,"67-56-1",144511,,
1569,"67-56-1 & 68551-12-2",1,,1
1570,"67-56-2",2,,
1571,"67-56-4",4,,
1572,"67-56-7",13,,
1573,"67-561",3,,
1574,"67-561-1",6,,
1575,"67-58-1",1,,
1576,"67-59-1",1,,
1577,"67-6-1",2,,
1578,"67-60-0",1,,
1579,"67-63",1,,
1580,"67-63-0",78628,,
1581,"67-63-0 / 94266-47-4",2,,1
1582,"67-63-0, 94266-47-2",1,,1
1583,"67-63-0/94266-47-4",4,,1
1584,"67-63-00",4,,
1585,"67-63-1",2,,
1586,"67-63-2",66,,
1587,"67-64-1",1824,,
1588,"67-64-150",1,,
1589,"67-64-5",16,,
1590,"67-65-1",121,,
1591,"67-67-1",1,,
1592,"67-88-1",2,,
1593,"67254-71-1",269,,
1594,"6742-47-8",61,,
1595,"6742-94-5",3,,
1596,"6743-01-7",1,,
1597,"6747-01-0",17,,
1598,"67515-55-3",1,,
1599,"6756-1",24,,
1600,67561,7,,
1601,"6763-0",3,,
1602,"67674-67-3",6,,
1603,"677-56-1",1,,
1604,"67701-32-0",535,,
1605,"67701-33-1",539,,
1606,"67742-48-9",11,,
1607,"67762-19-0",1,,
1608,"67762-38-3",3,,
1609,"67762-41-8",189,,
1610,"67762-90-7",2338,,
1611,"67784-80-9",156,,
1612,"67989-88-2",5,,
1613,"68-04-2",148,,
1614,"68-11-1",544,,
1615,"68-12-1",18,,
1616,"68-12-2",12710,,
1617,"68002-96-0",5,,
1618,"68002-97-1",20429,,
1619,"68002-97-14",1,,
1620,"68002-971",1,,
1621,"68015-67-8",8,,
1622,"68036-95-3",49,,
1623,"68037-05-8",191,,
1624,"68037-13-8",142,,
1625,"68037-49-0",2,,
1626,"68037-74-1",10,,
1627,"68071-95-4",6,,
1628,"68081-81-2",956,,
1629,"68081-98-1",692,,
1630,"681130-15-4",15,,
1631,"68123-18-2",2289,,
1632,"68123.18.2",2,,
1633,"68130-15-4",468,,
1634,"68130-15-40",1,,
1635,"68130-47-2",338,,
1636,"68130-99-4",17,,
1637,"68131-39-5",1815,,
1638,"68131-40-8",570,,
1639,"68131-71-4",5,,
1640,"68131-71-5",419,,
1641,"68131-72-6",1131,,
1642,"68131-73-7",35,,
1643,"68133-47-1",162,,
1644,"68139-30-0",1826,,
1645,"68139-75-3",179,,
1646,"68140-01-2",222,,
1647,"68153-30-0",69,,
1648,"68155-07-7",274,,
1649,"68155-09-9",125,,
1650,"68155-20-4",716,,
1651,"68155-37-3",177,,
1652,"68155-39-5",292,,
1653,"68155-78-2",89,,
1654,"68171-29-9",522,,
1655,"68187-17-7",91,,
1656,"68187-63-3",3,,
1657,"68188-40-9",2640,,
1658,"68188-50-1",21,,
1659,"68188-99-8",70,,
1660,"68213-23-0",49,,
1661,"68213-24-1",934,,
1662,"68214-24-4",2,,
1663,"6824-85-1",4,,
1664,"68299-02-5",638,,
1665,"68308-35-0",19,,
1666,"68308-89-4",1019,,
1667,"68309-95-5",3,,
1668,"6831-71-5",3,,
1669,"6831-77-7",1,,
1670,"68334-55-4",5,,
1671,"68391-01-5",357,,
1672,"68391-11-7",453,,
1673,684,1,,1
1674,"684-24-85",2,,
1675,"68400-07-7",12,,
1676,"68400-71-5",277,,
1677,"68410-00-4",1,,
1678,"68410-62-8",6675,,
1679,"68411-30-3",2,,
1680,"68411-31-4",1,,
1681,"68411-32-5",12,,
1682,"68412-54-4",5169,,
1683,"68412-54-5",15,,
1684,"68412-60-2",2,,
1685,"68414-85-1",1,,
1686,"68424-4-85-1",1,,
1687,"68424-51-1",1,,
1688,"68424-8-51",1,,
1689,"68424-84-1",1,,
1690,"68424-85",2,,
1691,"68424-85-1",24854,,
1692,"68424-94-2",1,,
1693,"68424-95-3",17,,
1694,"6842485-1",1,,
1695,"68425-47-8",1,,
1696,"68425-53-6",35,,
1697,"68425-67-2",100,,
1698,"68425-75-2",36,,
1699,"68439-45-2",589,,
1700,"68439-46-3",5324,,
1701,"68439-46-5",2,,
1702,"68439-48-3",6,,
1703,"68439-49-6",9,,
1704,"68439-50-0",2,,
1705,"68439-50-9",13586,,
1706,"68439-51",1,,
1707,"68439-51-",1,,
1708,"68439-51-0",4975,,
1709,"68439-57-6",397,,
1710,"68439-70-3",415,,
1711,"68439-72-5",78,,
1712,"68440-27-7",4,,
1713,"68442-77-3",926,,
1714,"68442-773",1,,
1715,"68442-97-7",6,,
1716,"68454-85-1",1,,
1717,"68458-49-1",2,,
1718,"68476-25-5",168,,
1719,"68476-34-6",39,,
1720,"68477-31-6",11,,
1721,"68478-95-5",1,,
1722,"6849-50-9",1,,
1723,"68511-95-1",73,,
1724,"68513-87-1",1972,,
1725,"68514-28-3",1,,
1726,"68514-95-4",543,,
1727,"68525-86-0",2,,
1728,"68526-83-0",1273,,
1729,"68526-85-2",173,,
1730,"68526-86-3",1,,
1731,"68526-88-5",357,,
1732,"68527-49-1",22833,,
1733,"6852749-1",1,,
1734,"6854-22-5",4,,
1735,"6855 1-12-2",1,,
1736,"68550-12-2",1,,
1737,"68551-1-12-2",1,,
1738,"68551-12-1",1,,
1739,"68551-12-2",37464,,
1740,"68551-12-2 .00038",1,,
1741,"68551-13-3",587,,
1742,"68551-19-9",34,,
1743,"68551-20-2",25,,
1744,"68551-95-1",4,,
1745,"68584-22-5",1388,,
1746,"68584-24-7",239,,
1747,"68584-25-8",239,,
1748,"68584-27-0",81,,
1749,"68584.22.5",16,,
1750,"68585-34-2",824,,
1751,"68585-36-4",489,,
1752,"68585-47-7",15,,
1753,"68586-07-2",30,,
1754,"68593-28-2",7,,
1755,"68593-58-2",446,,
1756,"68593-582",1,,
1757,"68593-87-8",1,,
1758,"68603-15-6",122,,
1759,"68603-25-8",55,,
1760,"68603-42-",1,,
1761,"68603-42-6",1,,
1762,"68603-42-9",7731,,
1763,"68603-67-8",209,,
1764,"68603-7-8",4,,
1765,"68607-07-8",15,,
1766,"68607-19-2",2,,
1767,"68607-28-03",5,,
1768,"68607-28-3",981,,
1769,"68608-15-1",1,,
1770,"68609-68-7",2611,,
1771,"68611-44-9",45,,
1772,"68638-87-3",4,,
1773,"686411-32-5",1,,
1774,"68647-2-3",1,,
1775,"68647-72",1,,
1776,"68647-72--3",1,,
1777,"68647-72-2",1,,
1778,"68647-72-3",4979,,
1779,"68647-77-8",2,,
1780,"68647-89-2",30,,
1781,68648,1,,
1782,"68648-8-3",1,,
1783,"68648-81-7",3,,
1784,"68648-87-3",3033,,
1785,"68648-89-3",1,,
1786,"68648-89-5",114,,
1787,"68649-18-3",4,,
1788,"68649-29-6",16,,
1789,"68649-37-6",7,,
1790,"68649-44-5",430,,
1791,"68715-83-3",12,,
1792,"68814-22-2",2,,
1793,"68815-65-1",267,,
1794,"68815-65-6",544,,
1795,"68824-85-1",2,,
1796,"68848-87-3",1,,
1797,"68855-54-9",1,,
1798,"6889-29-2",3,,
1799,"68891-29-2",284,,
1800,"68891-38-3",4,,
1801,"68909-18-2",1791,,
1802,"68909-34-2",2781,,
1803,"68909-77-3",749,,
1804,"68909-81-9",1,,
1805,"68910-46-3",2,,
1806,"68910-93-0",1,,
1807,"68911-25-1",137,,
1808,"68911-87-5",332,,
1809,"68915-31-1",250,,
1810,"68915-97-9",4,,
1811,"68916-18-7",12,,
1812,"68920-95-6",2,,
1813,"68937-55-3",1019,,
1814,"68937-66-6",294,,
1815,"6895-97-9",4,,
1816,"68951-66-7",1,,
1817,"68951-67-1",1,,
1818,"68951-67-7",13320,,
1819,"68953-58-2",7774,,
1820,"68953-85-2",13,,
1821,"68956-56-9",775,,
1822,"68956-79-6",169,,
1823,"68966-36-9",429,,
1824,"68989-00-4",915,,
1825,"68990-47-6",161,,
1826,"68991-52-6",79,,
1827,"69-53-4",163,,
1828,"69011-36-5",3631,,
1829,"69012-64-2",3,,
1830,"69227-09-4",4,,
1831,"69227-094",3,,
1832,"69227-21-0",251,,
1833,"69227-22-1",292,,
1834,"69278-63-3",1,,
1835,"69411-36-5",1,,
1836,"69418-26-4",2576,,
1837,"69439-46-3",132,,
1838,"7.5% hcl",1,,1
1839,"7.5% hydrochlo",5,,1
1840,"7006-59-9",671,,
1841,"700842-79-1",98,,
1842,"70142-34-6",534,,
1843,"70161-44-3",1,,
1844,7020.02,1,,
1845,"7023-61-2",14,,
1846,"70559-25-0",174,,
1847,"70592-80-2",57,,
1848,"70624-18-9",2,,
1849,"707-50-07-1",12,,
1850,"70714-66-8",26,,
1851,"70750-07-1",483,,
1852,"70851-07-9",22,,
1853,"70851-08-0",252,,
1854,"70900-16-2",661,,
1855,"70955-34-9",2,,
1856,"71-23-8",1888,,
1857,"71-31-0",1,,
1858,"71-36-3",1909,,
1859,"71-43-2",57,,
1860,"71-48-7",331,,
1861,"71011-03-5",3,,
1862,"71011-25-1",161,,
1863,"71011-26-2",140,,
1864,"71050-62-9",2372,,
1865,"71060-57-6",105,,
1866,"71264-32-9",3,,
1867,"71630-94-9",2,,
1868,"7173-51-5",17893,,
1869,"7173-51-510",1,,
1870,"7173-54-5",34,,
1871,"71750-71-5",1,,
1872,"71767-64-1",242,,
1873,"72-17-3",367,,
1874,"72-92-9",6,,
1875,"72283-36-4",1189,,
1876,"72480-70-7",10733,,
1877,"72623-87-1",55,,
1878,"73003-80-2",274,,
1879,"73049-73-7",421,,
1880,"73070-48-1",448,,
1881,"73138-29-1",92,,
1882,"732-18-5",306,,
1883,"732-8-5",1,,
1884,"73232-52-7",9,,
1885,"73296-89-6",3,,
1886,"7332-18-5",2,,
1887,"7347-01-0",1,,
1888,"7347-14-5",24,,
1889,"7361-86-9",1,,
1890,"7371-51-5",12,,
1891,"7372-46-0",39,,
1892,"7372-46-5",1,,
1893,"7376-31-0",556,,
1894,"73772-46-0",31,,
1895,"7398-69-8",804,,
1896,"7398-69-83",2,,
1897,"74-14-5",1,,
1898,"74-84-0",2,,
1899,"74-87-3",758,,
1900,"74-98-6",29,,
1901,"7429-90-5",5,,
1902,"7432-18-5",1,,
1903,"7439-89-6",4,,
1904,"744-44-0",1,,
1905,"7440-02-0",86,,
1906,"7440-09-7",22,,
1907,"7440-21-3",1,,
1908,"7440-23-5",6,,
1909,"7440-38-2",62,,
1910,"7440-44-0",163,,
1911,"7440-440",1,,
1912,"7440-67-7",167,,
1913,"7440-70-2",3,,
1914,"7446-09-5",2223,,
1915,"7446-11-9",1,,
1916,"7446-19-7",147,,
1917,"7446-40-7",7,,
1918,"7446-70-0",30,,
1919,"7446-81-3",1,,
1920,"74464-46-1",1,,
1921,"7447-39-4",3000,,
1922,"7447-40-7",7635,,
1923,"7447-40-70",3,,
1924,"74499-34-6",1,,
1925,"7467-01-0",14,,
1926,"7467-01-1",13,,
1927,"7467-14-5",4,,
1928,"747-39-4",40,,
1929,"74732-18-5",3,,
1930,"7486-39-7",1,,
1931,"7487-88-9",467,,
1932,"75-07-0",1857,,
1933,"75-07-00",1,,
1934,"75-08-1",1,,
1935,"75-09-2",42,,
1936,"75-12-7",1146,,
1937,"75-21-8",3825,,
1938,"75-21-80",1,,
1939,"75-28-5",28,,
1940,"75-31-0",189,,
1941,"75-50-3",482,,
1942,"75-52-5",229,,
1943,"75-56-9",1340,,
1944,"75-57-0",2023,,
1945,"75-91-2",2851,,
1946,"75-91-3",1,,
1947,"7542-12-3",1,,
1948,"75422-21-8",17,,
1949,"75673-43-4",1,,
1950,"75673-43-7",2311,,
1951,"75676-43-7",1,,
1952,"758-12-3",2,,
1953,"76-06-1",4,,
1954,"76-64-1",1,,
1955,"7601-54-9",1160,,
1956,"761-52-9",1,,
1957,"763-69-9",3,,
1958,"763-86-9",1,,
1959,"7631-14-5",1,,
1960,"7631-86-8",3,,
1961,"7631-86-9",16417,,
1962,"7631-89-6",1,,
1963,"7631-89-9",1,,
1964,"7631-90-5",2267,,
1965,"7631-95-0",147,,
1966,"7631-99-4",925,,
1967,"7632-00-0",1025,,
1968,"7632-04-4",25,,
1969,"7632-05-5",20,,
1970,"7632-50-0",403,,
1971,7632044,1,,
1972,"7641-01-0",191,,
1973,"7641-01-1",134,,
1974,"7641-14-5",1,,
1975,"7646-14-5",4,,
1976,"7646-79-9",1,,
1977,"7646-85-7",169,,
1978,7647,1,,
1979,"7647-0",1,,
1980,"7647-01-0",94654,,
1981,"7647-01-0 & 64-19-7",2,,1
1982,"7647-01-01",10,,
1983,"7647-01-0;79-14-1",2,,1
1984,"7647-01-1",179,,
1985,"7647-010",2,,
1986,"7647-07-0",4,,
1987,"7647-1-0",7,,
1988,"7647-10-0",3,,
1989,"7647-14-5",73146,,
1990,"7647-14-5 100",4,,
1991,"7647-15-15",1,,
1992,"7647-15-5",2,,
1993,"7647-15-6",3271,,
1994,"7647-40-7",1,,
1995,"7647-52-4",1,,
1996,"7647.14-5",1,,
1997,"764701-0",1,,
1998,7647145,1,,
1999,"7657-01-0",24,,
2000,"7664-38-2",6374,,
2001,"7664-38-4",3,,
2002,"7664-39-3",423,,
2003,"7664-41-7",1493,,
2004,"7664-93-9",3771,,
2005,"76647-01-0",1,,
2006,"767-01-0",2,,
2007,"767-14-5",2,,
2008,"7671-10-0",1,,
2009,"7674-01-0",3,,
2010,"7674-14-5",1,,
2011,"76774-74-8",6,,
2012,"7681-11-0",2901,,
2013,"7681-38-1",788,,
2014,"7681-52-9",7399,,
2015,"7681-53-0",89,,
2016,"7681-57-4",150,,
2017,"7681-82-5",6472,,
2018,"768111-0",1,,
2019,"7691-86-9",1,,
2020,"7699-43-6",180,,
2021,"77-27-54-0",1,,
2022,"77-49-6",229,,
2023,"77-54-0",14,,
2024,"77-71-4",35,,
2025,"77-89-4",248,,
2026,"77-91-9",2,,
2027,"77-92-2",2,,
2028,"77-92-6",2,,
2029,"77-92-9",34718,,
2030,"77-93-9",3,,
2031,"77-96-9",1,,
2032,"7704-34-9",1,,
2033,"7704-73-6",961,,
2034,"7705-08-0",156,,
2035,"7708-54-9",11,,
2036,"7717-54-0",1,,
2037,"7718-54-9",13,,
2038,"772-84-1",11,,
2039,"7720-78-7",2,,
2040,"7721-18-5",1,,
2041,"7722-76-1",6376,,
2042,"7722-81-1",2,,
2043,"7722-84-1",6375,,
2044,"7727 - 54 - 0",46,,
2045,"7727-21-1",402,,
2046,"7727-37-9",2153,,
2047,"7727-43-7",2,,
2048,"7727-54-0",49972,,
2049,"7727-54-1",13,,
2050,"7727-540",2,,
2051,"7727-56-0",1,,
2052,"7727-98-7",17,,
2053,"772754-0",8,,
2054,"773				 		2-18-5",1,,
2055,"773-18-2",113,,
2056,"7731-18-5",1,,
2057,"7732 - 18 - 5",67,,
2058,"7732 -18 -5",2,,
2059,"7732-14-7",1,,
2060,"7732-15-5",37,,
2061,"7732-15-8",11,,
2062,"7732-17-5",1,,
2063,"7732-18-*5",1,,
2064,"7732-18-05",8,,
2065,"7732-18-1",1,,
2066,"7732-18-15",5,,
2067,"7732-18-2",1,,
2068,"7732-18-45",21,,
2069,"7732-18-5",364785,,
2070,"7732-18-5 ?",6,,
2071,"7732-18-5-0",1,,
2072,"7732-18-5/ 7758-19-2",2,,1
2073,"7732-18-5/ propr",1,1,
2074,"7732-18-5/7758-19-2",2,,1
2075,"7732-18-56",1,,
2076,"7732-18-58",1,,
2077,"7732-18-5?",12,,
2078,"7732-18-5proprietary",2,1,
2079,"7732-18-6",1,,
2080,"7732-18-8",7,,
2081,"7732-18-85",1,,
2082,"7732-18-9",1,,
2083,"7732-18.5",1,,
2084,"7732-180-5",1,,
2085,"7732-185",2,,
2086,"7732-188-5",1,,
2087,"7732-19-5",2,,
2088,"7732-47-8",1,,
2089,"7732-518-5",1,,
2090,"7732-78-5",19,,
2091,"7732-8-5",1,,
2092,"7732-84-1",1,,
2093,"7732.18-5",1,,
2094,"7732.18.5",1,,
2095,7732158,1,,
2096,"773218-5",2,,
2097,7732185,8,,
2098,"7732185-185",1,,
2099,"77323-18-5",1,,
2100,"7733-02-0",30,,
2101,"7735-18-5",1,,
2102,"774-40-7",1,,
2103,"7747-40-7",2,,
2104,"7752-82-6",2,,
2105,"7756-94-7",152,,
2106,"7757-69-9",32,,
2107,"7757-79-1",4,,
2108,"7757-82-6",13148,,
2109,"7757-83-7",1285,,
2110,"7758-16-9",2,,
2111,"7758-18-2",31,,
2112,"7758-19-2",17475,,
2113,"7758-29-4",4,,
2114,"7758-87-4",4,,
2115,"7758-89-6",189,,
2116,"7758-98-7",778,,
2117,"7758-99-8",209,,
2118,"7764-41-7",4,,
2119,"777-30-8",1,,
2120,"7772-54-0",1,,
2121,"7772-98-7",4715,,
2122,"7772-99-8",534,,
2123,"7772.99-8",38,,
2124,"7774-34-7",2,,
2125,"7775-09-09",9,,
2126,"7775-09-9",427,,
2127,"7775-19-1",433,,
2128,"7775-25-1",3,,
2129,"7775-27-1",11571,,
2130,"7775-54-0",6,,
2131,"7775-57-1",4,,
2132,"77757-82-6",3,,
2133,"77775-27-1",1,,
2134,"7778-18-9",43,,
2135,"7778-27-1",7,,
2136,"7778-50-9",1,,
2137,"7778-54-3",19,,
2138,"7778-77-0",332,,
2139,"7778-80-5",148,,
2140,"7782-42-5",4,,
2141,"7782-63-0",370,,
2142,"7783-18-8",237,,
2143,"7783-20-2",2179,,
2144,"7783-28-0",171,,
2145,"77836-20-2",1,,
2146,"7786-30-3",4958,,
2147,"7786-81-4",3,,
2148,"7789-20-0",18,,
2149,"7789-38-0",2769,,
2150,"7789-41-5",45,,
2151,"7789-68-0",1,,
2152,"7789-78-8",176,,
2153,"7790-92-3",14,,
2154,"7791-18-6",1319,,
2155,"7791-20-0",24,,
2156,"78-21-7",835,,
2157,"78-40-0",8050,,
2158,"78-40-1",1,,
2159,"78-70-6",1,,
2160,"78-73-9",152,,
2161,"78-78-4",13,,
2162,"78-83-1",129,,
2163,"78-96-6",17,,
2164,"781-11-0",1,,
2165,"78266-09-8",16,,
2166,"7830-21-9",3,,
2167,"78330-19-5",1446,,
2168,"78330-20-8",1871,,
2169,"78330-21-9",15930,,
2170,"78330-23-1",144,,
2171,"78330-26-4",78,,
2172,"78355-51-8",3,,
2173,"79-06-1",16255,,
2174,"79-06-41",36,,
2175,"79-10-7",602,,
2176,"79-14-1",1476,,
2177,"79-20-9",7,,
2178,"79-21-0",1126,,
2179,"79-33-4",11,,
2180,"7947-01-0",2,,
2181,8,1,,1
2182,"8/6/2426",11,,
2183,"80-05-7",144,,
2184,"80-08-0",10,,
2185,"800-09-03",6,,
2186,"8001-22-7",13,,
2187,"8001-26-1",149,,
2188,"8001-31-8",2,,
2189,"8001-54-5",99,,
2190,"8001-78-3",1,,
2191,"8001-79-4",906,,
2192,"8002-05-9",156,,
2193,"8002-09-03",41,,
2194,"8002-09-3",1164,,
2195,"8002-13-9",1,,
2196,"8002-26-4",16,,
2197,"8002-43-5",206,,
2198,"8002-74-2",72,,
2199,"8003-22-3",253,,
2200,"8007-42-0",22,,
2201,"8007-43-0",1581,,
2202,"8008-20-6",23,,
2203,"8009-03-8",1,,
2204,"8012-95-1",34,,
2205,"8013-01-2",657,,
2206,"8013-70-5",1,,
2207,"8017-16-1",236,,
2208,"8028-48-6",249,,
2209,"8028-77-1",191,,
2210,"8031-18-3",82,,
2211,"8032-32-4",43,,
2212,"8042-47-5",6788,,
2213,"8043-29-6",468,,
2214,"8052-41-3",73,,
2215,"8055-55-8",54,,
2216,"8061-51-6",9,,
2217,"8061-52-7",1,,
2218,"80741-28-8",1,,
2219,"80751-51-5",61,,
2220,"81-88-9",12,,
2221,"814-80-2",2,,
2222,"81741-28-2",2,,
2223,"81741-28-8",8592,,
2224,"817441-28-8",1,,
2225,"818-61-1",1,,
2226,"82469-79-2",3,,
2227,"83446-68-8",262,,
2228,"84012-43-1",45,,
2229,"84113-50-6",1,,
2230,"84133-50-6",8984,,
2231,"84133-50-60",1,,
2232,"844133-50-6",10,,
2233,"848301-67-7",61,,
2234,"84852-15-3",4,,
2235,"85-44-9",73,,
2236,"85-85-0",1,,
2237,"85409-23",1,,
2238,"85409-23-0",65,,
2239,"85536-14-7",131,,
2240,"85566-12-4",1,,
2241,"85566-12-7",584,,
2242,"8556612-7",1,,
2243,"8566-12-7",15,,
2244,"856867-39-5",1,,
2245,"85865-69-6",60,,
2246,"86438-79-1",3,,
2247,"867-56-1",105,,
2248,"87-56-1",1,,
2249,"870-72-4",1384,,
2250,"872-50-4",138,,
2251,"87246-72-8",34,,
2252,"875141-56-3",4,,
2253,"876065-86-0",440,,
2254,"88-04-0",1,,
2255,"88-99-3",32,,
2256,"89-12-0",1,,
2257,"89-53582",1,,
2258,"89-65-6",50,,
2259,8912,10,,1
2260,"8912-0-0",1,,
2261,8913,98,,1
2262,"9-36",1,,
2263,"9-63-6",1,,
2264,"9/3/8002",1,,
2265,"900-06-9",7,,
2266,"900-30-0",241,,
2267,"900-30-30",2,,
2268,"9000-11-7",1,,
2269,"9000-30-0",57666,,
2270,"9000-30-3",2,,
2271,"9000-30-5",10,,
2272,"9000-35-4",5,,
2273,"9000-536-8",1,,
2274,"9000-70-8",302,,
2275,"9000-90-2",154,,
2276,"90000-30-0",8,,
2277,"900030-0",1,,
2278,"9001-32-5",7,,
2279,"9002-84-0",4128,,
2280,"9002-85-1",113,,
2281,"9002-88-4",60,,
2282,"9002-89-5",82,,
2283,"9002-92-0",1543,,
2284,"9002-98-6",36,,
2285,"9003--35-4",1,,
2286,"9003-0.6-9",9,,
2287,"9003-01-4",3,,
2288,"9003-04-07",1,,
2289,"9003-04-7",3476,,
2290,"9003-05-8",956,,
2291,"9003-06-9",2623,,
2292,"9003-07-0",2,,
2293,"9003-1-6",3,,
2294,"9003-11-006",6,,
2295,"9003-11-3",1,,
2296,"9003-11-6",5740,,
2297,"9003-29-6",392,,
2298,"9003-30-0",2,,
2299,"9003-34-4",8,,
2300,"9003-35-4",16878,,
2301,"9003-35-4,37337-65-8",1,,1
2302,"9003-35-5",13,,
2303,"9003-39-8",8,,
2304,"9003-77-4",11,,
2305,"9003.35-4",1,,
2306,"900303 35-4",1,,
2307,"900303-35-4",10,,
2308,900303504,1,,
2309,"90035-8",3,,
2310,"90036-35-4",1,,
2311,"9004 -82-4",2,,
2312,"9004-32-4",5140,,
2313,"9004-34-6",190,,
2314,"9004-53-9",7,,
2315,"9004-54-0",8,,
2316,"9004-59-5",2,,
2317,"9004-62-0",782,,
2318,"9004-64-2",1,,
2319,"9004-67-5",298,,
2320,"9004-77-7",2000,,
2321,"9004-82-4",211,,
2322,"9004-96-0",7128,,
2323,"9004-98-2",27,,
2324,"9004-99-3",20,,
2325,"9005-25-8",151,,
2326,"9005-64-5",837,,
2327,"9005-65-5",14,,
2328,"9005-65-6",17226,,
2329,"9005-66-7",33,,
2330,"9005-67-8",1646,,
2331,"9005-84-9",8,,
2332,"9006-65-9",3,,
2333,"9010-77-9",3,,
2334,"9012-54-18",6,,
2335,"9012-54-8",2088,,
2336,"9014-01-1",1171,,
2337,"9014-85-1",13,,
2338,"9014-93-1",93,,
2339,"9016-45-6",1,,
2340,"9016-45-9",11994,,
2341,"9016-454-9",19,,
2342,"9016-46-9",1,,
2343,"9016-87-9",44,,
2344,"9016-88-0",1203,,
2345,"90194-13-1",7,,
2346,"90218-35-2",1,,
2347,"9025-56-3",3066,,
2348,"903-04-7",52,,
2349,"9032-92-2",16,,
2350,"9035-69-2",1,,
2351,"904-59-5",10,,
2352,"9043-30-5",11731,,
2353,"9046-01-9",297,,
2354,"9046-45-9",1,,
2355,"9049-71-2",9,,
2356,"905-89-2",2,,
2357,"9050-36-6",7,,
2358,"9051-89-2",5596,,
2359,"9051-89-5",1,,
2360,"9052-95-3",7,,
2361,"9062-77-5",1,,
2362,"90622-53-0",112,,
2363,"90622-59-6",31,,
2364,"9063-06-3",7,,
2365,"9063-87-0",9,,
2366,"90669-62-8",10,,
2367,"9072-35-9",2,,
2368,"9082-00-2",121,,
2369,"9084-06-4",24,,
2370,"91-20-3",19430,,
2371,"91-22-05",1,,
2372,"91-22-5",564,,
2373,"91-63-4",573,,
2374,"91.20-3",1,,
2375,"9103-39-3",1,,
2376,"9105-39-3",9,,
2377,"91053-39-2",1,,
2378,"91053-39-3",8175,,
2379,"91053-39-9",1,,
2380,"91053-93-3",2,,
2381,"910644-97-2",572,,
2382,"915-67-3",2025,,
2383,"91503-39-3",1,,
2384,"915053-39-3",1,,
2385,917033,1,,
2386,"919-30-2",9,,
2387,"92-52-4",1,,
2388,"92046-34-9",5,,
2389,9230,12,,1
2390,"92466-47-4",49,,
2391,"92797-42-7",13,,
2392,"92908-33-3",175,,
2393,"93-83-4",7579,,
2394,"93-84-4",28,,
2395,"93037-13-9",11,,
2396,"93213-74-2",2,,
2397,"93858-78-7",31,,
2398,"94133-50-6",1,,
2399,"942-47-4",13,,
2400,94266,1,,
2401,"94266-14-4",3,,
2402,"94266-47-4",5520,,
2403,"94266-97-4",1,,
2404,"94288-47-4",1,,
2405,"94292-05-4",1,,
2406,"94441-92-6",277,,
2407,"94525-01-6",15,,
2408,"94742-47-8",1,,
2409,"95-63-6",14950,,
2410,"95-83-6",1,,
2411,"95077-05-7",28,,
2412,"951-89-2",1,,
2413,"95917-64-9",5,,
2414,"96-14-0",2,,
2415,"96016-45-9",1,,
2416,"9631-99-4",1,,
2417,97,1,,1
2418,"97-64-3",1,,
2419,"97953-25-8",217,,
2420,98,1,,1
2421,"98-00-0",199,,
2422,"98-11-3",1,,
2423,"98-82-8",70,,
2424,"98-83-9",47,,
2425,"98-86-2",3089,,
2426,"98072-82-3",7,,
2427,"98072-94-7",1268,,
2428,"98084-96-9",6,,
2429,"98551-12-2",1,,
2430,"98585-35-2",17,,
2431,"99004-64-2",3,,
2432,"99439-28-8",6,,
2433,"?1319-33-1",4,,
2434,"?8042-47-5",7,,
2435,"???",1,,1
2436,"_empty_entry_",87829,,1
2437,"`9004-96-0",1,,
2438,"alcohol",2,,1
2439,"alkyl derivatives",1,,1
2440,"anhydrous",1,,1
2441,"ao324",1,,1
2442,"ar prop 7",42,,1
2443,"ar prop 70",1,,1
2444,"ar prop7",12,,1
2445,"ba",1,,1
2446,"bentone 150",3,,1
2447,"blank",2,,1
2448,"bldn",1,,1
2449,"blend",29,,1
2450,"business confidental",2,1,
2451,"c1500",2,,1
2452,"c1813",2,,1
2453,"c206",1,,1
2454,"c2310",2,,1
2455,"c506",1,,1
2456,"c507",1,,1
2457,"c55965-84-9",1,,
2458,"c601",1,,1
2459,"c710",2,,1
2460,"c712",2,,1
2461,"c800",1,,1
2462,"c805",1,,1
2463,"cas",2,,1
2464,"cas not assigned",821,,1
2465,"cas: 78330-21-9",1,,
2466,"casnotassigned",1005,,1
2467,"cbi",609,1,
2468,"coinfidential",1,1,
2469,"condidential",1,1,
2470,"conf",2,1,
2471,"conf bus info",35,1,
2472,"confdential",1,1,
2473,"confid. bus. info",1,1,
2474,"confidenial",1,1,
2475,"confidentail",12,1,
2476,"confidental",8,1,
2477,"confidentia1",1,1,
2478,"confidential",144573,1,
2479,"confidential busines",2536,1,
2480,"confidential info",25,1,
2481,"confidnetial",5,1,
2482,"confindential",1,1,
2483,"confinential",1,1,
2484,"epa acct 108431",132,,1
2485,"epa act 108431",3,,1
2486,"ethoxylated amine",1,,1
2487,"fdp-s1046-12",3,,1
2488,"fdp-s1047-12",2,,1
2489,"fdp-s1145-14",1,,1
2490,"friction reducer",1,,1
2491,"hcl 7.5%",3,,1
2492,"hcl < 10%",2,,1
2493,"hcl > 10%",1,,1
2494,"hydrochloric acid",2,,1
2495,"inorganic salt",2,,1
2496,"isopropyl alcohol",1,,1
2497,"listed",4,,1
2498,"listed below",237027,,1
2499,"listedbelow",16,,1
2500,"methanol",1,,1
2501,"methyl alcohol",1,,1
2502,"mix",8,,1
2503,"mixed",1,,1
2504,"mixture",2291,,1
2505,"mxiture",1,,1
2506,"n / a",3,,1
2507,"n.a.",401,,1
2508,"n/a",20501,,1
2509,"n/d",24,,1
2510,"n7647-01-0",1,,
2511,"n\a",2,,1
2512,"na",65756,,1
2513,"na?",2,,1
2514,"nda",2,,1
2515,"nfidb: 15% hcl acid",1,,1
2516,"nfidb: hcl acid",1,,1
2517,"nfidb:1% n-zyme 3",1,,1
2518,"nfidb:15 % hcl acid",3,,1
2519,"nfidb:15% fe acid",1,,1
2520,"nfidb:15% ferchek sc",2,,1
2521,"nfidb:15% hcl",61,,1
2522,"nfidb:15% hcl acid",67,,1
2523,"nfidb:28% hcl",1,,1
2524,"nfidb:325meshsilicaf",1,,1
2525,"nfidb:5% hcl",1,,1
2526,"nfidb:7.5% hcl",5,,1
2527,"nfidb:7.5% hcl acid",8,,1
2528,"nfidb:7.5% hydrochlo",7,,1
2529,"nfidb:activator-usa",16,,1
2530,"nfidb:atlas activato",1,,1
2531,"nfidb:biovert nwb",2,,1
2532,"nfidb:carbon dioxide",1,,1
2533,"nfidb:cat 106 si",1,,1
2534,"nfidb:cl-28e bu",1,,1
2535,"nfidb:cs-805",2,,1
2536,"nfidb:d-air 3000",1,,1
2537,"nfidb:dca 23003",1,,1
2538,"nfidb:dca-23002 bu",1,,1
2539,"nfidb:dca-23003",8,,1
2540,"nfidb:dca-32003",7,,1
2541,"nfidb:fa-15",1,,1
2542,"nfidb:fdp - m1075 -1",1,,1
2543,"nfidb:fdp m 1075-12",2,,1
2544,"nfidb:fdp m1066-12",1,,1
2545,"nfidb:fdp s1047-12",1,,1
2546,"nfidb:fdp-m1066-12",3,,1
2547,"nfidb:fdp-m1075-12",41,,1
2548,"nfidb:fdp-m1075-12 b",1,,1
2549,"nfidb:fdp-s1046-12",1,,1
2550,"nfidb:fdp-s1047-12",11,,1
2551,"nfidb:fdp-s1050-12",13,,1
2552,"nfidb:fdp-s1111-13",10,,1
2553,"nfidb:fdp-s1118-13",2,,1
2554,"nfidb:fdp-s1121-13",2,,1
2555,"nfidb:fdp-s1145-14",7,,1
2556,"nfidb:fdp-s1158-14",5,,1
2557,"nfidb:fdp-s1168-14",1,,1
2558,"nfidb:fdp-s1176-15",1,,1
2559,"nfidb:fdp-s1204-15",1,,1
2560,"nfidb:fe acid 15%",1,,1
2561,"nfidb:fe acid < 10%",10,,1
2562,"nfidb:fe acid > 10%",15,,1
2563,"nfidb:hcl",2,,1
2564,"nfidb:hcl  15%",2,,1
2565,"nfidb:hcl  20%",1,,1
2566,"nfidb:hcl 15%",7,,1
2567,"nfidb:hcl 7.5%",4,,1
2568,"nfidb:hcl < 10%",17,,1
2569,"nfidb:hcl > 10%",128,,1
2570,"nfidb:hcl > 20%",1,,1
2571,"nfidb:hcl acid",1,,1
2572,"nfidb:hcl acid raw 7",1,,1
2573,"nfidb:hf acid 7.5%/1",3,,1
2574,"nfidb:hydrochloric",1,,1
2575,"nfidb:hydrochloric a",6,,1
2576,"nfidb:lp-65 mc",4,,1
2577,"nfidb:ltca",1,,1
2578,"nfidb:mc b-8520",2,,1
2579,"nfidb:mc b-8614",94,,1
2580,"nfidb:mc b-8626",10,,1
2581,"nfidb:mc b-8630",3,,1
2582,"nfidb:mc b-8632",5,,1
2583,"nfidb:mc b-8642",3,,1
2584,"nfidb:mc mx 2-2738",4,,1
2585,"nfidb:mc mx 2-2822",20,,1
2586,"nfidb:mc mx 588-2",1,,1
2587,"nfidb:mc s-2510t",9,,1
2588,"nfidb:microsand",4,,1
2589,"nfidb:mx 2-2822",8,,1
2590,"nfidb:mx 588-2",6,,1
2591,"nfidb:n-zyme 1",1,,1
2592,"nfidb:n-zyme 1%",1,,1
2593,"nfidb:n-zyme 1%sol",1,,1
2594,"nfidb:n-zyme 3",12,,1
2595,"nfidb:na",132,,1
2596,"nfidb:oilperm fm-1",7,,1
2597,"nfidb:oilperm fmm-1",9,,1
2598,"nfidb:oilperm fmm-2",15,,1
2599,"nfidb:parasorb",3,,1
2600,"nfidb:parasorb (tp)",2,,1
2601,"nfidb:potassium chlo",2,,1
2602,"nfidb:scalechek ht",1,,1
2603,"nfidb:scalechek(r) h",8,,1
2604,"nfidb:scaletrol",3,,1
2605,"nfidb:silicaflour-32",2,,1
2606,"nfidb:stim-oil enhf",2,,1
2607,"nfidb:wg-26",1,,1
2608,"nfidb:wlc-4",5,,1
2609,"non",1,,1
2610,"none",3439,,1
2611,"none listed",1,,1
2612,"nonhazardous",3,,1
2613,"not applicable",2,,1
2614,"not applicable.",26,,1
2615,"not assigned",5736,,1
2616,"not available",120,,1
2617,"not available.",130,,1
2618,"not established",16,,1
2619,"not hazardous",2,,1
2620,"not listed",380,,1
2621,"not provided",771,,1
2622,"notavailable",6,,1
2623,"novolake resin",1,,1
2624,"np-488032_2",144,,1
2625,"np-488355",1,,1
2626,"np-r2429-2",1,,1
2627,"np-r2429_2",4,,1
2628,"np-scw720",135,,1
2629,"null",6,,1
2630,"oil",2,,1
2631,"operator",7,,1
2632,"p",11,,1
2633,"po102",1,,1
2634,"po103",2,,1
2635,"porprietary",12,1,
2636,"prioprietary",1,1,
2637,"priprietary",1,1,
2638,"prop",20,1,
2639,"prop.",3,1,
2640,"properitary",16,1,
2641,"propietary",104,1,
2642,"propreitary",31,1,
2643,"propreitory",2,1,
2644,"propriatary",5,1,
2645,"proprieatary",1,1,
2646,"proprierary",1,1,
2647,"propriertary",1,1,
2648,"proprietar",15,1,
2649,"proprietart",8,1,
2650,"proprietarty",7,1,
2651,"proprietary",399634,1,
2652,"proprietary 0.10",4,1,
2653,"proprietary blend",46,1,
2654,"proprietaryl",1,1,
2655,"proprietatry",1,1,
2656,"proprietery",35,1,
2657,"proprietory",53,1,
2658,"proprietry",2,1,
2659,"propriety",12,1,
2660,"propritary",17,1,
2661,"proptietary",1,1,
2662,"prorietary",1,1,
2663,"see comments",7,,1
2664,"several",5,,1
2665,"supplied by oper",2,,1
2666,"supplied by operator",4,,1
2667,"supplied by operatot",1,,1
2668,"system disclosure",1378,,1
2669,"third party",2,,1
2670,"trace secret",1,1,
2671,"trad secret",1,1,
2672,"trade",2,1,
2673,"trade name",1,1,
2674,"trade seccret",1,1,
2675,"trade seceret",18,1,
2676,"trade secert",5,1,
2677,"trade secrer",1,1,
2678,"trade secret",89272,1,
2679,"trade secret , disc.",89,1,
2680,"trade secret, disc.",52,1,
2681,"trade secret.",1,1,
2682,"trade secrets",1,1,
2683,"trade secrte",1,1,
2684,"tradesecret",29,1,
2685,"ts",5,1,
2686,"unavailable",1,,1
2687,"undisclosed",88,,1
2688,"unk",4,,1
2689,"unknown",16,,1
2690,"water",4,,1
2691,"xxxx-xx-x",15,,1
2692,"xxxxxxx-xx-x",34,,1
